{
  "extends": "tslint:recommended",
  "rules": {
    "align": false,
    "arrow-parens": [true, "ban-single-arg-parens"],
    "curly": [true, "ignore-same-line"],
    "indent": [true, "spaces", 2],
    "interface-name": [true, "never-prefix"],
    "linebreak-style": [true, "LF"],
    "max-classes-per-file": false,
    "max-line-length": [true, 120],
    "member-access": [true,
      "check-accessor",
      "check-constructor",
      "check-parameter-property"
    ],
    "no-any": true,
    "no-bitwise": false,
    "no-console": false,
    "no-empty-interface": false,
    "no-implicit-dependencies": [true, "dev"],
    "no-switch-case-fall-through": true,
    "no-trailing-whitespace": [true, "ignore-template-strings"],
    "object-literal-sort-keys": false,
    "ordered-imports": false,
    "prefer-const": true,
    "quotemark": [true, "single"],
    "space-within-parens": true,
    "trailing-comma": [true, "never"],
    "triple-equals": true,
    "typedef": [true,
      "call-signature",
      "parameter"
    ],
    "whitespace": [true,
      "check-branch",
      "check-decl",
      "check-operator",
      "check-module",
      "check-separator",
      "check-rest-spread",
      "check-type",
      "check-typecast",
      "check-type-operator",
      "check-preblock"
    ]
  }
}
